<?xml version="1.0" encoding="UTF-8"?><Window  size="360,600" caption="0,0,0,36" roundcorner="10,10" >	<Font name="幼圆" size="18" default="true" />	<Font name="微软雅黑" size="18" />	<Font name="微软雅黑" size="12" />		<Include source="styles.xml" />	<Class name="VerticalLayout" borderround="8,8" />	<Class name="Title" bkcolor="#FF3677C1" inset="2,2,2,2" />	<Class name="Background" bkcolor="#FFECE9D8" />	<Class name="Label" height="20" textpadding="2,-4,2,-4" textcolor="#FFFFFFFF" disabledtextcolor="#FFA7A6AA" font="0" align="wrap" />	<Class name="TreeNodeText" textpadding="20,-2,0,0" />		<Class name="FolderBlue" class="TreeNodeText"		normalimage      = "file='icon/folder_blue_open.png'  source='0,0,128,128'" 		selectedimage    = "file='icon/folder_blue_close.png' source='0,0,128,128'" 	/>	<Class name="FolderRed" class="TreeNodeText"		normalimage      = "file='icon/folder_red_open.png'  source='0,0,128,128'" 		selectedimage    = "file='icon/folder_red_close.png' source='0,0,128,128'" 	/>	<Class name="FileDefault" class="TreeNodeText"		normalimage      = "file='icon/file_default.png' source='0,0,128,128'" 		selectedimage    = "file='icon/file_default.png' source='0,0,128,128'" 	/>	<Class name="FileBlue0" class="TreeNodeText"		normalimage      = "file='icon/file_blue_0.png' source='0,0,128,128'" 		selectedimage    = "file='icon/file_blue_0.png' source='0,0,128,128'" 	/>	<Class name="FileBlue1" class="TreeNodeText"		normalimage      = "file='icon/file_blue_1.png' source='0,0,128,128'" 		selectedimage    = "file='icon/file_blue_1.png' source='0,0,128,128'" 	/>	<Class name="FileGreen0" class="TreeNodeText"		normalimage      = "file='icon/file_green_0.png' source='0,0,128,128'" 		selectedimage    = "file='icon/file_green_0.png' source='0,0,128,128'" 	/>	<Class name="FileGreen1" class="TreeNodeText"		normalimage      = "file='icon/file_green_1.png' source='0,0,128,128'" 		selectedimage    = "file='icon/file_green_1.png' source='0,0,128,128'" 	/>	<Container>			<VerticalLayout class="Title" inset="0,0,0,0" borderround="0,0" >			<Label text="YDWE输入管理器" height="36" align="center" />					<VerticalLayout inset="5,0,5,5" class="Background" borderround="0,0" >				<TreeView name="root" bkcolor="#FFFFFFFF" visiblefolderbtn="true" vscrollbar="true" >          <TreeNode text="111111" class="FolderBlue" >            <TreeNode text="111111" class="FileGreen0" />            <TreeNode text="111111" class="FileGreen0" />            <TreeNode text="111111" class="FileGreen0" />				  </TreeNode>				</TreeView>			</VerticalLayout>		</VerticalLayout>	</Container></Window>